"COLUMN1","symboling","normalizedlosses","make","fueltype","aspiration","numofdoors","bodystyle","drivewheels","enginelocation","wheelbase","length","width","height","curbweight","enginetype","numofcylinders","enginesize","fuelsystem","bore","stroke","compressionratio","horsepower","peakrpm","citympg","highwaympg","price"
"0","3","122","alfa-romero","gas","std","two","convertible","rwd","front","88.6","0.811148486304661","0.890277777777778","0.816053511705686","2548","dohc","four","130","mpfi","3.47","2.68","9.0","111.0","5000.0","21","27","13495.0"
"1","3","122","alfa-romero","gas","std","two","convertible","rwd","front","88.6","0.811148486304661","0.890277777777778","0.816053511705686","2548","dohc","four","130","mpfi","3.47","2.68","9.0","111.0","5000.0","21","27","16500.0"
"2","1","122","alfa-romero","gas","std","two","hatchback","rwd","front","94.5","0.822681403171552","0.909722222222222","0.876254180602007","2823","ohcv","six","152","mpfi","2.68","3.47","9.0","154.0","5000.0","19","26","16500.0"
"3","2","164","audi","gas","std","four","sedan","fwd","front","99.8","0.848630466122057","0.919444444444445","0.908026755852843","2337","ohc","four","109","mpfi","3.19","3.4","10.0","102.0","5500.0","24","30","13950.0"
"4","2","164","audi","gas","std","four","sedan","4wd","front","99.4","0.848630466122057","0.922222222222222","0.908026755852843","2824","ohc","five","136","mpfi","3.19","3.4","8.0","115.0","5500.0","18","22","17450.0"
"5","2","122","audi","gas","std","two","sedan","fwd","front","99.8","0.851994233541567","0.920833333333333","0.887959866220736","2507","ohc","five","136","mpfi","3.19","3.4","8.5","110.0","5500.0","19","25","15250.0"
"6","1","158","audi","gas","std","four","sedan","fwd","front","105.8","0.925997116770783","0.991666666666667","0.931438127090301","2844","ohc","five","136","mpfi","3.19","3.4","8.5","110.0","5500.0","19","25","17710.0"
"7","1","122","audi","gas","std","four","wagon","fwd","front","105.8","0.925997116770783","0.991666666666667","0.931438127090301","2954","ohc","five","136","mpfi","3.19","3.4","8.5","110.0","5500.0","19","25","18920.0"
"8","1","158","audi","gas","turbo","four","sedan","fwd","front","105.8","0.925997116770783","0.991666666666667","0.934782608695652","3086","ohc","five","131","mpfi","3.13","3.4","8.3","140.0","5500.0","17","20","23875.0"
"10","2","192","bmw","gas","std","two","sedan","rwd","front","101.2","0.849591542527631","0.9","0.908026755852843","2395","ohc","four","108","mpfi","3.5","2.8","8.8","101.0","5800.0","23","29","16430.0"
"11","0","192","bmw","gas","std","four","sedan","rwd","front","101.2","0.849591542527631","0.9","0.908026755852843","2395","ohc","four","108","mpfi","3.5","2.8","8.8","101.0","5800.0","23","29","16925.0"
"12","0","188","bmw","gas","std","two","sedan","rwd","front","101.2","0.849591542527631","0.9","0.908026755852843","2710","ohc","six","164","mpfi","3.31","3.19","9.0","121.0","4250.0","21","28","20970.0"
"13","0","188","bmw","gas","std","four","sedan","rwd","front","101.2","0.849591542527631","0.9","0.908026755852843","2765","ohc","six","164","mpfi","3.31","3.19","9.0","121.0","4250.0","21","28","21105.0"
"14","1","122","bmw","gas","std","four","sedan","rwd","front","103.5","0.90821720326766","0.929166666666667","0.931438127090301","3055","ohc","six","164","mpfi","3.31","3.19","9.0","121.0","4250.0","20","25","24565.0"
"15","0","122","bmw","gas","std","four","sedan","rwd","front","103.5","0.90821720326766","0.929166666666667","0.931438127090301","3230","ohc","six","209","mpfi","3.62","3.39","8.0","182.0","5400.0","16","22","30760.0"
"16","0","122","bmw","gas","std","two","sedan","rwd","front","103.5","0.931283037001442","0.943055555555556","0.897993311036789","3380","ohc","six","209","mpfi","3.62","3.39","8.0","182.0","5400.0","16","22","41315.0"
"17","0","122","bmw","gas","std","four","sedan","rwd","front","110.0","0.946660259490629","0.984722222222222","0.941471571906355","3505","ohc","six","209","mpfi","3.62","3.39","8.0","182.0","5400.0","15","20","36880.0"
"18","2","121","chevrolet","gas","std","two","hatchback","fwd","front","88.4","0.678039404132629","0.8375","0.889632107023411","1488","l","three","61","2bbl","2.91","3.03","9.5","48.0","5100.0","47","53","5151.0"
"19","1","98","chevrolet","gas","std","two","hatchback","fwd","front","94.5","0.749159058145123","0.883333333333333","0.869565217391304","1874","ohc","four","90","2bbl","3.03","3.11","9.6","70.0","5400.0","38","43","6295.0"
"20","0","81","chevrolet","gas","std","four","sedan","fwd","front","94.5","0.763094666025949","0.883333333333333","0.869565217391304","1909","ohc","four","90","2bbl","3.03","3.11","9.6","70.0","5400.0","38","43","6575.0"
"21","1","118","dodge","gas","std","two","hatchback","fwd","front","93.7","0.755886592984142","0.886111111111111","0.849498327759197","1876","ohc","four","90","2bbl","2.97","3.23","9.41","68.0","5500.0","37","41","5572.0"
"22","1","118","dodge","gas","std","two","hatchback","fwd","front","93.7","0.755886592984142","0.886111111111111","0.849498327759197","1876","ohc","four","90","2bbl","2.97","3.23","9.4","68.0","5500.0","31","38","6377.0"
"23","1","118","dodge","gas","turbo","two","hatchback","fwd","front","93.7","0.755886592984142","0.886111111111111","0.849498327759197","2128","ohc","four","98","mpfi","3.03","3.39","7.6","102.0","5500.0","24","30","7957.0"
"24","1","148","dodge","gas","std","four","hatchback","fwd","front","93.7","0.755886592984142","0.886111111111111","0.846153846153846","1967","ohc","four","90","2bbl","2.97","3.23","9.4","68.0","5500.0","31","38","6229.0"
"25","1","148","dodge","gas","std","four","sedan","fwd","front","93.7","0.755886592984142","0.886111111111111","0.846153846153846","1989","ohc","four","90","2bbl","2.97","3.23","9.4","68.0","5500.0","31","38","6692.0"
"26","1","148","dodge","gas","std","four","sedan","fwd","front","93.7","0.755886592984142","0.886111111111111","0.846153846153846","1989","ohc","four","90","2bbl","2.97","3.23","9.4","68.0","5500.0","31","38","7609.0"
"27","1","148","dodge","gas","turbo","?","sedan","fwd","front","93.7","0.755886592984142","0.886111111111111","0.846153846153846","2191","ohc","four","98","mpfi","3.03","3.39","7.6","102.0","5500.0","24","30","8558.0"
"28","-1","110","dodge","gas","std","four","wagon","fwd","front","103.3","0.839019702066314","0.897222222222222","1.0","2535","ohc","four","122","2bbl","3.34","3.46","8.5","88.0","5000.0","24","30","8921.0"
"29","3","145","dodge","gas","turbo","two","hatchback","fwd","front","95.9","0.832292167227294","0.920833333333333","0.839464882943144","2811","ohc","four","156","mfi","3.6","3.9","7.0","145.0","5000.0","19","24","12964.0"
"30","2","137","honda","gas","std","two","hatchback","fwd","front","86.6","0.694858241230178","0.8875","0.849498327759197","1713","ohc","four","92","1bbl","2.91","3.41","9.6","58.0","4800.0","49","54","6479.0"
"31","2","137","honda","gas","std","two","hatchback","fwd","front","86.6","0.694858241230178","0.8875","0.849498327759197","1819","ohc","four","92","1bbl","2.91","3.41","9.2","76.0","6000.0","31","38","6855.0"
"32","1","101","honda","gas","std","two","hatchback","fwd","front","93.7","0.720807304180682","0.888888888888889","0.879598662207358","1837","ohc","four","79","1bbl","2.91","3.07","10.1","60.0","5500.0","38","42","5399.0"
"33","1","101","honda","gas","std","two","hatchback","fwd","front","93.7","0.720807304180682","0.888888888888889","0.879598662207358","1940","ohc","four","92","1bbl","2.91","3.41","9.2","76.0","6000.0","30","34","6529.0"
"34","1","101","honda","gas","std","two","hatchback","fwd","front","93.7","0.720807304180682","0.888888888888889","0.879598662207358","1956","ohc","four","92","1bbl","2.91","3.41","9.2","76.0","6000.0","30","34","7129.0"
"35","0","110","honda","gas","std","four","sedan","fwd","front","96.5","0.785199423354157","0.888888888888889","0.911371237458194","2010","ohc","four","92","1bbl","2.91","3.41","9.2","76.0","6000.0","30","34","7295.0"
"36","0","78","honda","gas","std","four","wagon","fwd","front","96.5","0.754925516578568","0.8875","0.974916387959866","2024","ohc","four","92","1bbl","2.92","3.41","9.2","76.0","6000.0","30","34","7295.0"
"37","0","106","honda","gas","std","two","hatchback","fwd","front","96.5","0.804901489668429","0.905555555555556","0.891304347826087","2236","ohc","four","110","1bbl","3.15","3.58","9.0","86.0","5800.0","27","33","7895.0"
"38","0","106","honda","gas","std","two","hatchback","fwd","front","96.5","0.804901489668429","0.905555555555556","0.891304347826087","2289","ohc","four","110","1bbl","3.15","3.58","9.0","86.0","5800.0","27","33","9095.0"
"39","0","85","honda","gas","std","four","sedan","fwd","front","96.5","0.842864007688611","0.905555555555556","0.904682274247492","2304","ohc","four","110","1bbl","3.15","3.58","9.0","86.0","5800.0","27","33","8845.0"
"40","0","85","honda","gas","std","four","sedan","fwd","front","96.5","0.842864007688611","0.868055555555556","0.904682274247492","2372","ohc","four","110","1bbl","3.15","3.58","9.0","86.0","5800.0","27","33","10295.0"
"41","0","85","honda","gas","std","four","sedan","fwd","front","96.5","0.842864007688611","0.905555555555556","0.904682274247492","2465","ohc","four","110","mpfi","3.15","3.58","9.0","101.0","5800.0","24","28","12945.0"
"42","1","107","honda","gas","std","two","sedan","fwd","front","96.5","0.812590100913023","0.916666666666667","0.852842809364548","2293","ohc","four","110","2bbl","3.15","3.58","9.1","100.0","5500.0","25","31","10345.0"
"43","0","122","isuzu","gas","std","four","sedan","rwd","front","94.3","0.820278712157616","0.858333333333333","0.894648829431438","2337","ohc","four","111","2bbl","3.31","3.23","8.5","78.0","4800.0","24","29","6785.0"
"46","2","122","isuzu","gas","std","two","hatchback","rwd","front","96.0","0.829408938010572","0.905555555555556","0.859531772575251","2734","ohc","four","119","spfi","3.43","3.23","9.2","90.0","5000.0","24","29","11048.0"
"47","0","145","jaguar","gas","std","four","sedan","rwd","front","113.0","0.959154252763095","0.966666666666667","0.882943143812709","4066","dohc","six","258","mpfi","3.63","4.17","8.1","176.0","4750.0","15","19","32250.0"
"48","0","122","jaguar","gas","std","four","sedan","rwd","front","113.0","0.959154252763095","0.966666666666667","0.882943143812709","4066","dohc","six","258","mpfi","3.63","4.17","8.1","176.0","4750.0","15","19","35550.0"
"49","0","122","jaguar","gas","std","two","sedan","rwd","front","102.0","0.921191734742912","0.980555555555556","0.79933110367893","3950","ohcv","twelve","326","mpfi","3.54","2.76","11.5","262.0","5000.0","13","17","36000.0"
"50","1","104","mazda","gas","std","two","hatchback","fwd","front","93.1","0.76453628063431","0.891666666666667","0.904682274247492","1890","ohc","four","91","2bbl","3.03","3.15","9.0","68.0","5000.0","30","31","5195.0"
"51","1","104","mazda","gas","std","two","hatchback","fwd","front","93.1","0.76453628063431","0.891666666666667","0.904682274247492","1900","ohc","four","91","2bbl","3.03","3.15","9.0","68.0","5000.0","31","38","6095.0"
"52","1","104","mazda","gas","std","two","hatchback","fwd","front","93.1","0.76453628063431","0.891666666666667","0.904682274247492","1905","ohc","four","91","2bbl","3.03","3.15","9.0","68.0","5000.0","31","38","6795.0"
"53","1","113","mazda","gas","std","four","sedan","fwd","front","93.1","0.801537722248919","0.891666666666667","0.904682274247492","1945","ohc","four","91","2bbl","3.03","3.15","9.0","68.0","5000.0","31","38","6695.0"
"54","1","113","mazda","gas","std","four","sedan","fwd","front","93.1","0.801537722248919","0.891666666666667","0.904682274247492","1950","ohc","four","91","2bbl","3.08","3.15","9.0","68.0","5000.0","31","38","7395.0"
"55","3","150","mazda","gas","std","two","hatchback","rwd","front","95.3","0.812109562710235","0.9125","0.82943143812709","2380","rotor","two","70","4bbl","3.3","3.26","9.4","101.0","6000.0","17","23","10945.0"
"56","3","150","mazda","gas","std","two","hatchback","rwd","front","95.3","0.812109562710235","0.9125","0.82943143812709","2380","rotor","two","70","4bbl","3.3","3.26","9.4","101.0","6000.0","17","23","11845.0"
"57","3","150","mazda","gas","std","two","hatchback","rwd","front","95.3","0.812109562710235","0.9125","0.82943143812709","2385","rotor","two","70","4bbl","3.3","3.26","9.4","101.0","6000.0","17","23","13645.0"
"58","3","150","mazda","gas","std","two","hatchback","rwd","front","95.3","0.812109562710235","0.9125","0.82943143812709","2500","rotor","two","80","mpfi","3.3","3.26","9.4","135.0","6000.0","16","23","15645.0"
"59","1","129","mazda","gas","std","two","hatchback","fwd","front","98.8","0.854396924555502","0.923611111111111","0.897993311036789","2385","ohc","four","122","2bbl","3.39","3.39","8.6","84.0","4800.0","26","32","8845.0"
"60","0","115","mazda","gas","std","four","sedan","fwd","front","98.8","0.854396924555502","0.923611111111111","0.92809364548495","2410","ohc","four","122","2bbl","3.39","3.39","8.6","84.0","4800.0","26","32","8495.0"
"61","1","129","mazda","gas","std","two","hatchback","fwd","front","98.8","0.854396924555502","0.923611111111111","0.897993311036789","2385","ohc","four","122","2bbl","3.39","3.39","8.6","84.0","4800.0","26","32","10595.0"
"62","0","115","mazda","gas","std","four","sedan","fwd","front","98.8","0.854396924555502","0.923611111111111","0.92809364548495","2410","ohc","four","122","2bbl","3.39","3.39","8.6","84.0","4800.0","26","32","10245.0"
"63","0","122","mazda","diesel","std","?","sedan","fwd","front","98.8","0.854396924555502","0.923611111111111","0.92809364548495","2443","ohc","four","122","idi","3.39","3.39","22.7","64.0","4650.0","36","42","10795.0"
"64","0","115","mazda","gas","std","four","hatchback","fwd","front","98.8","0.854396924555502","0.923611111111111","0.92809364548495","2425","ohc","four","122","2bbl","3.39","3.39","8.6","84.0","4800.0","26","32","11245.0"
"65","0","118","mazda","gas","std","four","sedan","rwd","front","104.9","0.840941854877463","0.918055555555556","0.909698996655518","2670","ohc","four","140","mpfi","3.76","3.16","8.0","120.0","5000.0","19","27","18280.0"
"66","0","122","mazda","diesel","std","four","sedan","rwd","front","104.9","0.840941854877463","0.918055555555556","0.909698996655518","2700","ohc","four","134","idi","3.43","3.64","22.0","72.0","4200.0","31","39","18344.0"
"67","-1","93","mercedes-benz","diesel","turbo","four","sedan","rwd","front","110.0","0.917347429120615","0.976388888888889","0.944816053511706","3515","ohc","five","183","idi","3.58","3.64","21.5","123.0","4350.0","22","25","25552.0"
"68","-1","93","mercedes-benz","diesel","turbo","four","wagon","rwd","front","110.0","0.917347429120615","0.976388888888889","0.981605351170569","3750","ohc","five","183","idi","3.58","3.64","21.5","123.0","4350.0","22","25","28248.0"
"69","0","93","mercedes-benz","diesel","turbo","two","hardtop","rwd","front","106.7","0.901009130225853","0.976388888888889","0.918060200668896","3495","ohc","five","183","idi","3.58","3.64","21.5","123.0","4350.0","22","25","28176.0"
"70","-1","93","mercedes-benz","diesel","turbo","four","sedan","rwd","front","115.6","0.973570398846708","0.995833333333333","0.941471571906355","3770","ohc","five","183","idi","3.58","3.64","21.5","123.0","4350.0","22","25","31600.0"
"71","-1","122","mercedes-benz","gas","std","four","sedan","rwd","front","115.6","0.973570398846708","0.995833333333333","0.944816053511706","3740","ohcv","eight","234","mpfi","3.46","3.1","8.3","155.0","4750.0","16","18","34184.0"
"72","3","142","mercedes-benz","gas","std","two","convertible","rwd","front","96.6","0.86641037962518","0.979166666666667","0.849498327759197","3685","ohcv","eight","234","mpfi","3.46","3.1","8.3","155.0","4750.0","16","18","35056.0"
"73","0","122","mercedes-benz","gas","std","four","sedan","rwd","front","120.9","1.0","0.995833333333333","0.948160535117057","3900","ohcv","eight","308","mpfi","3.8","3.35","8.0","184.0","4500.0","14","16","40960.0"
"74","1","122","mercedes-benz","gas","std","two","hardtop","rwd","front","112.0","0.957232099951946","1.0","0.926421404682274","3715","ohcv","eight","304","mpfi","3.8","3.35","8.0","184.0","4500.0","14","16","45400.0"
"75","1","122","mercury","gas","turbo","two","hatchback","rwd","front","102.7","0.857280153772225","0.944444444444444","0.916387959866221","2910","ohc","four","140","mpfi","3.78","3.12","8.0","175.0","5000.0","19","24","16503.0"
"76","2","161","mitsubishi","gas","std","two","hatchback","fwd","front","93.7","0.755886592984142","0.894444444444444","0.849498327759197","1918","ohc","four","92","2bbl","2.97","3.23","9.4","68.0","5500.0","37","41","5389.0"
"77","2","161","mitsubishi","gas","std","two","hatchback","fwd","front","93.7","0.755886592984142","0.894444444444444","0.849498327759197","1944","ohc","four","92","2bbl","2.97","3.23","9.4","68.0","5500.0","31","38","6189.0"
"78","2","161","mitsubishi","gas","std","two","hatchback","fwd","front","93.7","0.755886592984142","0.894444444444444","0.849498327759197","2004","ohc","four","92","2bbl","2.97","3.23","9.4","68.0","5500.0","31","38","6669.0"
"79","1","161","mitsubishi","gas","turbo","two","hatchback","fwd","front","93.0","0.755886592984142","0.886111111111111","0.849498327759197","2145","ohc","four","98","spdi","3.03","3.39","7.6","102.0","5500.0","24","30","7689.0"
"80","3","153","mitsubishi","gas","turbo","two","hatchback","fwd","front","96.3","0.83133109082172","0.908333333333333","0.826086956521739","2370","ohc","four","110","spdi","3.17","3.46","7.5","116.0","5500.0","23","30","9959.0"
"81","3","153","mitsubishi","gas","std","two","hatchback","fwd","front","96.3","0.83133109082172","0.908333333333333","0.826086956521739","2328","ohc","four","122","2bbl","3.35","3.46","8.5","88.0","5000.0","25","32","8499.0"
"82","3","122","mitsubishi","gas","turbo","two","hatchback","fwd","front","95.9","0.832292167227294","0.920833333333333","0.839464882943144","2833","ohc","four","156","spdi","3.58","3.86","7.0","145.0","5000.0","19","24","12629.0"
"83","3","122","mitsubishi","gas","turbo","two","hatchback","fwd","front","95.9","0.832292167227294","0.920833333333333","0.839464882943144","2921","ohc","four","156","spdi","3.59","3.86","7.0","145.0","5000.0","19","24","14869.0"
"84","3","122","mitsubishi","gas","turbo","two","hatchback","fwd","front","95.9","0.832292167227294","0.920833333333333","0.839464882943144","2926","ohc","four","156","spdi","3.59","3.86","7.0","145.0","5000.0","19","24","14489.0"
"85","1","125","mitsubishi","gas","std","four","sedan","fwd","front","96.3","0.828447861604998","0.908333333333333","0.862876254180602","2365","ohc","four","122","2bbl","3.35","3.46","8.5","88.0","5000.0","25","32","6989.0"
"86","1","125","mitsubishi","gas","std","four","sedan","fwd","front","96.3","0.828447861604998","0.908333333333333","0.862876254180602","2405","ohc","four","122","2bbl","3.35","3.46","8.5","88.0","5000.0","25","32","8189.0"
"87","1","125","mitsubishi","gas","turbo","four","sedan","fwd","front","96.3","0.828447861604998","0.908333333333333","0.862876254180602","2403","ohc","four","110","spdi","3.17","3.46","7.5","116.0","5500.0","23","30","9279.0"
"88","-1","137","mitsubishi","gas","std","four","sedan","fwd","front","96.3","0.828447861604998","0.908333333333333","0.862876254180602","2403","ohc","four","110","spdi","3.17","3.46","7.5","116.0","5500.0","23","30","9279.0"
"89","1","128","nissan","gas","std","two","sedan","fwd","front","94.5","0.794329649207112","0.886111111111111","0.911371237458194","1889","ohc","four","97","2bbl","3.15","3.29","9.4","69.0","5200.0","31","37","5499.0"
"90","1","128","nissan","diesel","std","two","sedan","fwd","front","94.5","0.794329649207112","0.886111111111111","0.911371237458194","2017","ohc","four","103","idi","2.99","3.47","21.9","55.0","4800.0","45","50","7099.0"
"91","1","128","nissan","gas","std","two","sedan","fwd","front","94.5","0.794329649207112","0.886111111111111","0.911371237458194","1918","ohc","four","97","2bbl","3.15","3.29","9.4","69.0","5200.0","31","37","6649.0"
"92","1","122","nissan","gas","std","four","sedan","fwd","front","94.5","0.794329649207112","0.886111111111111","0.911371237458194","1938","ohc","four","97","2bbl","3.15","3.29","9.4","69.0","5200.0","31","37","6849.0"
"93","1","103","nissan","gas","std","four","wagon","fwd","front","94.5","0.817876021143681","0.886111111111111","0.894648829431438","2024","ohc","four","97","2bbl","3.15","3.29","9.4","69.0","5200.0","31","37","7349.0"
"94","1","128","nissan","gas","std","two","sedan","fwd","front","94.5","0.794329649207112","0.886111111111111","0.911371237458194","1951","ohc","four","97","2bbl","3.15","3.29","9.4","69.0","5200.0","31","37","7299.0"
"95","1","128","nissan","gas","std","two","hatchback","fwd","front","94.5","0.795771263815473","0.886111111111111","0.891304347826087","2028","ohc","four","97","2bbl","3.15","3.29","9.4","69.0","5200.0","31","37","7799.0"
"96","1","122","nissan","gas","std","four","sedan","fwd","front","94.5","0.794329649207112","0.886111111111111","0.911371237458194","1971","ohc","four","97","2bbl","3.15","3.29","9.4","69.0","5200.0","31","37","7499.0"
"97","1","103","nissan","gas","std","four","wagon","fwd","front","94.5","0.817876021143681","0.886111111111111","0.894648829431438","2037","ohc","four","97","2bbl","3.15","3.29","9.4","69.0","5200.0","31","37","7999.0"
"98","2","168","nissan","gas","std","two","hardtop","fwd","front","95.1","0.780394041326286","0.886111111111111","0.891304347826087","2008","ohc","four","97","2bbl","3.15","3.29","9.4","69.0","5200.0","31","37","8249.0"
"99","0","106","nissan","gas","std","four","hatchback","fwd","front","97.2","0.833253243632869","0.905555555555556","0.914715719063545","2324","ohc","four","120","2bbl","3.33","3.47","8.5","97.0","5200.0","27","34","8949.0"
"100","0","106","nissan","gas","std","four","sedan","fwd","front","97.2","0.833253243632869","0.905555555555556","0.914715719063545","2302","ohc","four","120","2bbl","3.33","3.47","8.5","97.0","5200.0","27","34","9549.0"
"101","0","128","nissan","gas","std","four","sedan","fwd","front","100.4","0.8731379144642","0.923611111111111","0.921404682274248","3095","ohcv","six","181","mpfi","3.43","3.27","9.0","152.0","5200.0","17","22","13499.0"
"102","0","108","nissan","gas","std","four","wagon","fwd","front","100.4","0.887073522345026","0.923611111111111","0.938127090301003","3296","ohcv","six","181","mpfi","3.43","3.27","9.0","152.0","5200.0","17","22","14399.0"
"103","0","108","nissan","gas","std","four","sedan","fwd","front","100.4","0.887073522345026","0.923611111111111","0.921404682274248","3060","ohcv","six","181","mpfi","3.43","3.27","9.0","152.0","5200.0","19","25","13499.0"
"104","3","194","nissan","gas","std","two","hatchback","rwd","front","91.3","0.820278712157616","0.943055555555556","0.831103678929766","3071","ohcv","six","181","mpfi","3.43","3.27","9.0","160.0","5200.0","19","25","17199.0"
"105","3","194","nissan","gas","turbo","two","hatchback","rwd","front","91.3","0.820278712157616","0.943055555555556","0.831103678929766","3139","ohcv","six","181","mpfi","3.43","3.27","7.8","200.0","5200.0","17","23","19699.0"
"106","1","231","nissan","gas","std","two","hatchback","rwd","front","99.2","0.857760691975012","0.943055555555556","0.831103678929766","3139","ohcv","six","181","mpfi","3.43","3.27","9.0","160.0","5200.0","19","25","18399.0"
"107","0","161","peugot","gas","std","four","sedan","rwd","front","107.9","0.897164824603556","0.95","0.948160535117057","3020","l","four","120","mpfi","3.46","3.19","8.4","97.0","5000.0","19","24","11900.0"
"108","0","161","peugot","diesel","turbo","four","sedan","rwd","front","107.9","0.897164824603556","0.95","0.948160535117057","3197","l","four","152","idi","3.7","3.52","21.0","95.0","4150.0","28","33","13200.0"
"109","0","122","peugot","gas","std","four","wagon","rwd","front","114.2","0.955790485343585","0.95","0.981605351170569","3230","l","four","120","mpfi","3.46","3.19","8.4","97.0","5000.0","19","24","12440.0"
"110","0","122","peugot","diesel","turbo","four","wagon","rwd","front","114.2","0.955790485343585","0.95","0.981605351170569","3430","l","four","152","idi","3.7","3.52","21.0","95.0","4150.0","25","25","13860.0"
"111","0","161","peugot","gas","std","four","sedan","rwd","front","107.9","0.897164824603556","0.95","0.948160535117057","3075","l","four","120","mpfi","3.46","2.19","8.4","95.0","5000.0","19","24","15580.0"
"112","0","161","peugot","diesel","turbo","four","sedan","rwd","front","107.9","0.897164824603556","0.95","0.948160535117057","3252","l","four","152","idi","3.7","3.52","21.0","95.0","4150.0","28","33","16900.0"
"113","0","122","peugot","gas","std","four","wagon","rwd","front","114.2","0.955790485343585","0.95","0.948160535117057","3285","l","four","120","mpfi","3.46","2.19","8.4","95.0","5000.0","19","24","16695.0"
"114","0","122","peugot","diesel","turbo","four","wagon","rwd","front","114.2","0.955790485343585","0.95","0.981605351170569","3485","l","four","152","idi","3.7","3.52","21.0","95.0","4150.0","25","25","17075.0"
"115","0","161","peugot","gas","std","four","sedan","rwd","front","107.9","0.897164824603556","0.95","0.948160535117057","3075","l","four","120","mpfi","3.46","3.19","8.4","97.0","5000.0","19","24","16630.0"
"116","0","161","peugot","diesel","turbo","four","sedan","rwd","front","107.9","0.897164824603556","0.95","0.948160535117057","3252","l","four","152","idi","3.7","3.52","21.0","95.0","4150.0","28","33","17950.0"
"117","0","161","peugot","gas","turbo","four","sedan","rwd","front","108.0","0.897164824603556","0.948611111111111","0.936454849498328","3130","l","four","134","mpfi","3.61","3.21","7.0","142.0","5600.0","18","24","18150.0"
"118","1","119","plymouth","gas","std","two","hatchback","fwd","front","93.7","0.755886592984142","0.886111111111111","0.849498327759197","1918","ohc","four","90","2bbl","2.97","3.23","9.4","68.0","5500.0","37","41","5572.0"
"119","1","119","plymouth","gas","turbo","two","hatchback","fwd","front","93.7","0.755886592984142","0.886111111111111","0.849498327759197","2128","ohc","four","98","spdi","3.03","3.39","7.6","102.0","5500.0","24","30","7957.0"
"120","1","154","plymouth","gas","std","four","hatchback","fwd","front","93.7","0.755886592984142","0.886111111111111","0.846153846153846","1967","ohc","four","90","2bbl","2.97","3.23","9.4","68.0","5500.0","31","38","6229.0"
"121","1","154","plymouth","gas","std","four","sedan","fwd","front","93.7","0.803940413262854","0.886111111111111","0.849498327759197","1989","ohc","four","90","2bbl","2.97","3.23","9.4","68.0","5500.0","31","38","6692.0"
"122","1","154","plymouth","gas","std","four","sedan","fwd","front","93.7","0.803940413262854","0.886111111111111","0.849498327759197","2191","ohc","four","98","2bbl","2.97","3.23","9.4","68.0","5500.0","31","38","7609.0"
"123","-1","74","plymouth","gas","std","four","wagon","fwd","front","103.3","0.839019702066314","0.897222222222222","1.0","2535","ohc","four","122","2bbl","3.35","3.46","8.5","88.0","5000.0","24","30","8921.0"
"124","3","122","plymouth","gas","turbo","two","hatchback","rwd","front","95.9","0.832292167227294","0.920833333333333","0.839464882943144","2818","ohc","four","156","spdi","3.59","3.86","7.0","145.0","5000.0","19","24","12764.0"
"125","3","186","porsche","gas","std","two","hatchback","rwd","front","94.5","0.811629024507448","0.948611111111111","0.839464882943144","2778","ohc","four","151","mpfi","3.94","3.11","9.5","143.0","5500.0","19","27","22018.0"
"126","3","122","porsche","gas","std","two","hardtop","rwd","rear","89.5","0.811629024507448","0.902777777777778","0.862876254180602","2756","ohcf","six","194","mpfi","3.74","2.9","9.5","207.0","5900.0","17","25","32528.0"
"127","3","122","porsche","gas","std","two","hardtop","rwd","rear","89.5","0.811629024507448","0.902777777777778","0.862876254180602","2756","ohcf","six","194","mpfi","3.74","2.9","9.5","207.0","5900.0","17","25","34028.0"
"128","3","122","porsche","gas","std","two","convertible","rwd","rear","89.5","0.811629024507448","0.902777777777778","0.862876254180602","2800","ohcf","six","194","mpfi","3.74","2.9","9.5","207.0","5900.0","17","25","37028.0"
"130","0","122","renault","gas","std","four","wagon","fwd","front","96.1","0.872176838058626","0.923611111111111","0.923076923076923","2579","ohc","four","132","mpfi","3.46","3.9","8.7","104.26","5125.0","23","31","9295.0"
"131","2","122","renault","gas","std","two","hatchback","fwd","front","96.1","0.849591542527631","0.925","0.844481605351171","2460","ohc","four","132","mpfi","3.46","3.9","8.7","104.26","5125.0","23","31","9895.0"
"132","3","150","saab","gas","std","two","hatchback","fwd","front","99.1","0.896684286400769","0.923611111111111","0.938127090301003","2658","ohc","four","121","mpfi","3.54","3.07","9.31","110.0","5250.0","21","28","11850.0"
"133","2","104","saab","gas","std","four","sedan","fwd","front","99.1","0.896684286400769","0.923611111111111","0.938127090301003","2695","ohc","four","121","mpfi","3.54","3.07","9.3","110.0","5250.0","21","28","12170.0"
"134","3","150","saab","gas","std","two","hatchback","fwd","front","99.1","0.896684286400769","0.923611111111111","0.938127090301003","2707","ohc","four","121","mpfi","2.54","2.07","9.3","110.0","5250.0","21","28","15040.0"
"135","2","104","saab","gas","std","four","sedan","fwd","front","99.1","0.896684286400769","0.923611111111111","0.938127090301003","2758","ohc","four","121","mpfi","3.54","3.07","9.3","110.0","5250.0","21","28","15510.0"
"136","3","150","saab","gas","turbo","two","hatchback","fwd","front","99.1","0.896684286400769","0.923611111111111","0.938127090301003","2808","dohc","four","121","mpfi","3.54","3.07","9.0","160.0","5500.0","19","26","18150.0"
"137","2","104","saab","gas","turbo","four","sedan","fwd","front","99.1","0.896684286400769","0.923611111111111","0.938127090301003","2847","dohc","four","121","mpfi","3.54","3.07","9.0","160.0","5500.0","19","26","18620.0"
"138","2","83","subaru","gas","std","two","hatchback","fwd","front","93.7","0.753964440172994","0.880555555555556","0.897993311036789","2050","ohcf","four","97","2bbl","3.62","2.36","9.0","69.0","4900.0","31","36","5118.0"
"139","2","83","subaru","gas","std","two","hatchback","fwd","front","93.7","0.758769822200865","0.883333333333333","0.897993311036789","2120","ohcf","four","108","2bbl","3.62","2.64","8.7","73.0","4400.0","26","31","7053.0"
"140","2","83","subaru","gas","std","two","hatchback","4wd","front","93.3","0.755886592984142","0.886111111111111","0.931438127090301","2240","ohcf","four","108","2bbl","3.62","2.64","8.7","73.0","4400.0","26","31","7603.0"
"141","0","102","subaru","gas","std","four","sedan","fwd","front","97.2","0.826525708793849","0.908333333333333","0.877926421404682","2145","ohcf","four","108","2bbl","3.62","2.64","9.5","82.0","4800.0","32","37","7126.0"
"142","0","102","subaru","gas","std","four","sedan","fwd","front","97.2","0.826525708793849","0.908333333333333","0.877926421404682","2190","ohcf","four","108","2bbl","3.62","2.64","9.5","82.0","4400.0","28","33","7775.0"
"143","0","102","subaru","gas","std","four","sedan","fwd","front","97.2","0.826525708793849","0.908333333333333","0.877926421404682","2340","ohcf","four","108","mpfi","3.62","2.64","9.0","94.0","5200.0","26","32","9960.0"
"144","0","102","subaru","gas","std","four","sedan","4wd","front","97.0","0.826525708793849","0.908333333333333","0.908026755852843","2385","ohcf","four","108","2bbl","3.62","2.64","9.0","82.0","4800.0","24","25","9233.0"
"145","0","102","subaru","gas","turbo","four","sedan","4wd","front","97.0","0.826525708793849","0.908333333333333","0.908026755852843","2510","ohcf","four","108","mpfi","3.62","2.64","7.7","111.0","4800.0","24","29","11259.0"
"146","0","89","subaru","gas","std","four","wagon","fwd","front","97.0","0.833733781835656","0.908333333333333","0.88628762541806","2290","ohcf","four","108","2bbl","3.62","2.64","9.0","82.0","4800.0","28","32","7463.0"
"147","0","89","subaru","gas","std","four","wagon","fwd","front","97.0","0.833733781835656","0.908333333333333","0.88628762541806","2455","ohcf","four","108","mpfi","3.62","2.64","9.0","94.0","5200.0","25","31","10198.0"
"148","0","85","subaru","gas","std","four","wagon","4wd","front","96.9","0.834214320038443","0.908333333333333","0.918060200668896","2420","ohcf","four","108","2bbl","3.62","2.64","9.0","82.0","4800.0","23","29","8013.0"
"149","0","85","subaru","gas","turbo","four","wagon","4wd","front","96.9","0.834214320038443","0.908333333333333","0.918060200668896","2650","ohcf","four","108","mpfi","3.62","2.64","7.7","111.0","4800.0","23","23","11694.0"
"150","1","87","toyota","gas","std","two","hatchback","fwd","front","95.7","0.762614127823162","0.883333333333333","0.911371237458194","1985","ohc","four","92","2bbl","3.05","3.03","9.0","62.0","4800.0","35","39","5348.0"
"151","1","87","toyota","gas","std","two","hatchback","fwd","front","95.7","0.762614127823162","0.883333333333333","0.911371237458194","2040","ohc","four","92","2bbl","3.05","3.03","9.0","62.0","4800.0","31","38","6338.0"
"152","1","74","toyota","gas","std","four","hatchback","fwd","front","95.7","0.762614127823162","0.883333333333333","0.911371237458194","2015","ohc","four","92","2bbl","3.05","3.03","9.0","62.0","4800.0","31","38","6488.0"
"153","0","77","toyota","gas","std","four","wagon","fwd","front","95.7","0.815473330129745","0.883333333333333","0.988294314381271","2280","ohc","four","92","2bbl","3.05","3.03","9.0","62.0","4800.0","31","37","6918.0"
"154","0","81","toyota","gas","std","four","wagon","4wd","front","95.7","0.815473330129745","0.883333333333333","0.988294314381271","2290","ohc","four","92","2bbl","3.05","3.03","9.0","62.0","4800.0","27","32","7898.0"
"155","0","91","toyota","gas","std","four","wagon","4wd","front","95.7","0.815473330129745","0.883333333333333","0.988294314381271","3110","ohc","four","92","2bbl","3.05","3.03","9.0","62.0","4800.0","27","32","8778.0"
"156","0","91","toyota","gas","std","four","sedan","fwd","front","95.7","0.799135031234983","0.894444444444444","0.88628762541806","2081","ohc","four","98","2bbl","3.19","3.03","9.0","70.0","4800.0","30","37","6938.0"
"157","0","91","toyota","gas","std","four","hatchback","fwd","front","95.7","0.799135031234983","0.894444444444444","0.882943143812709","2109","ohc","four","98","2bbl","3.19","3.03","9.0","70.0","4800.0","30","37","7198.0"
"158","0","91","toyota","diesel","std","four","sedan","fwd","front","95.7","0.799135031234983","0.894444444444444","0.88628762541806","2275","ohc","four","110","idi","3.27","3.35","22.5","56.0","4500.0","34","36","7898.0"
"159","0","91","toyota","diesel","std","four","hatchback","fwd","front","95.7","0.799135031234983","0.894444444444444","0.882943143812709","2275","ohc","four","110","idi","3.27","3.35","22.5","56.0","4500.0","38","47","7788.0"
"160","0","91","toyota","gas","std","four","sedan","fwd","front","95.7","0.799135031234983","0.894444444444444","0.88628762541806","2094","ohc","four","98","2bbl","3.19","3.03","9.0","70.0","4800.0","38","47","7738.0"
"161","0","91","toyota","gas","std","four","hatchback","fwd","front","95.7","0.799135031234983","0.894444444444444","0.882943143812709","2122","ohc","four","98","2bbl","3.19","3.03","9.0","70.0","4800.0","28","34","8358.0"
"162","0","91","toyota","gas","std","four","sedan","fwd","front","95.7","0.799135031234983","0.894444444444444","0.882943143812709","2140","ohc","four","98","2bbl","3.19","3.03","9.0","70.0","4800.0","28","34","9258.0"
"163","1","168","toyota","gas","std","two","sedan","rwd","front","94.5","0.810667948101874","0.888888888888889","0.879598662207358","2169","ohc","four","98","2bbl","3.19","3.03","9.0","70.0","4800.0","29","34","8058.0"
"164","1","168","toyota","gas","std","two","hatchback","rwd","front","94.5","0.810667948101874","0.888888888888889","0.879598662207358","2204","ohc","four","98","2bbl","3.19","3.03","9.0","70.0","4800.0","29","34","8238.0"
"165","1","168","toyota","gas","std","two","sedan","rwd","front","94.5","0.810667948101874","0.888888888888889","0.879598662207358","2265","dohc","four","98","mpfi","3.24","3.08","9.4","112.0","6600.0","26","29","9298.0"
"166","1","168","toyota","gas","std","two","hatchback","rwd","front","94.5","0.810667948101874","0.888888888888889","0.879598662207358","2300","dohc","four","98","mpfi","3.24","3.08","9.4","112.0","6600.0","26","29","9538.0"
"167","2","134","toyota","gas","std","two","hardtop","rwd","front","98.4","0.846708313310908","0.911111111111111","0.869565217391304","2540","ohc","four","146","mpfi","3.62","3.5","9.3","116.0","4800.0","24","30","8449.0"
"168","2","134","toyota","gas","std","two","hardtop","rwd","front","98.4","0.846708313310908","0.911111111111111","0.869565217391304","2536","ohc","four","146","mpfi","3.62","3.5","9.3","116.0","4800.0","24","30","9639.0"
"169","2","134","toyota","gas","std","two","hatchback","rwd","front","98.4","0.846708313310908","0.911111111111111","0.869565217391304","2551","ohc","four","146","mpfi","3.62","3.5","9.3","116.0","4800.0","24","30","9989.0"
"170","2","134","toyota","gas","std","two","hardtop","rwd","front","98.4","0.846708313310908","0.911111111111111","0.869565217391304","2679","ohc","four","146","mpfi","3.62","3.5","9.3","116.0","4800.0","24","30","11199.0"
"171","2","134","toyota","gas","std","two","hatchback","rwd","front","98.4","0.846708313310908","0.911111111111111","0.869565217391304","2714","ohc","four","146","mpfi","3.62","3.5","9.3","116.0","4800.0","24","30","11549.0"
"172","2","134","toyota","gas","std","two","convertible","rwd","front","98.4","0.846708313310908","0.911111111111111","0.88628762541806","2975","ohc","four","146","mpfi","3.62","3.5","9.3","116.0","4800.0","24","30","17669.0"
"173","-1","65","toyota","gas","std","four","sedan","fwd","front","102.4","0.843825084094185","0.923611111111111","0.918060200668896","2326","ohc","four","122","mpfi","3.31","3.54","8.7","92.0","4200.0","29","34","8948.0"
"174","-1","65","toyota","diesel","turbo","four","sedan","fwd","front","102.4","0.843825084094185","0.923611111111111","0.918060200668896","2480","ohc","four","110","idi","3.27","3.35","22.5","73.0","4500.0","30","33","10698.0"
"175","-1","65","toyota","gas","std","four","hatchback","fwd","front","102.4","0.843825084094185","0.923611111111111","0.901337792642141","2414","ohc","four","122","mpfi","3.31","3.54","8.7","92.0","4200.0","27","32","9988.0"
"176","-1","65","toyota","gas","std","four","sedan","fwd","front","102.4","0.843825084094185","0.923611111111111","0.918060200668896","2414","ohc","four","122","mpfi","3.31","3.54","8.7","92.0","4200.0","27","32","10898.0"
"177","-1","65","toyota","gas","std","four","hatchback","fwd","front","102.4","0.843825084094185","0.923611111111111","0.901337792642141","2458","ohc","four","122","mpfi","3.31","3.54","8.7","92.0","4200.0","27","32","11248.0"
"178","3","197","toyota","gas","std","two","hatchback","rwd","front","102.9","0.881787602114368","0.940277777777778","0.869565217391304","2976","dohc","six","171","mpfi","3.27","3.35","9.3","161.0","5200.0","20","24","16558.0"
"179","3","197","toyota","gas","std","two","hatchback","rwd","front","102.9","0.881787602114368","0.940277777777778","0.869565217391304","3016","dohc","six","171","mpfi","3.27","3.35","9.3","161.0","5200.0","19","24","15998.0"
"180","-1","90","toyota","gas","std","four","sedan","rwd","front","104.5","0.902450744834214","0.923611111111111","0.904682274247492","3131","dohc","six","171","mpfi","3.27","3.35","9.2","156.0","5200.0","20","24","15690.0"
"181","-1","122","toyota","gas","std","four","wagon","rwd","front","104.5","0.902450744834214","0.923611111111111","0.904682274247492","3151","dohc","six","161","mpfi","3.27","3.35","9.2","156.0","5200.0","19","24","15750.0"
"182","2","122","volkswagen","diesel","std","two","sedan","fwd","front","97.3","0.825084094185488","0.909722222222222","0.931438127090301","2261","ohc","four","97","idi","3.01","3.4","23.0","52.0","4800.0","37","46","7775.0"
"183","2","122","volkswagen","gas","std","two","sedan","fwd","front","97.3","0.825084094185488","0.909722222222222","0.931438127090301","2209","ohc","four","109","mpfi","3.19","3.4","9.0","85.0","5250.0","27","34","7975.0"
"184","2","94","volkswagen","diesel","std","four","sedan","fwd","front","97.3","0.825084094185488","0.909722222222222","0.931438127090301","2264","ohc","four","97","idi","3.01","3.4","23.0","52.0","4800.0","37","46","7995.0"
"185","2","94","volkswagen","gas","std","four","sedan","fwd","front","97.3","0.825084094185488","0.909722222222222","0.931438127090301","2212","ohc","four","109","mpfi","3.19","3.4","9.0","85.0","5250.0","27","34","8195.0"
"186","2","94","volkswagen","gas","std","four","sedan","fwd","front","97.3","0.825084094185488","0.909722222222222","0.931438127090301","2275","ohc","four","109","mpfi","3.19","3.4","9.0","85.0","5250.0","27","34","8495.0"
"187","2","94","volkswagen","diesel","turbo","four","sedan","fwd","front","97.3","0.825084094185488","0.909722222222222","0.931438127090301","2319","ohc","four","97","idi","3.01","3.4","23.0","68.0","4500.0","37","42","9495.0"
"188","2","94","volkswagen","gas","std","four","sedan","fwd","front","97.3","0.825084094185488","0.909722222222222","0.931438127090301","2300","ohc","four","109","mpfi","3.19","3.4","10.0","100.0","5500.0","26","32","9995.0"
"189","3","122","volkswagen","gas","std","two","convertible","fwd","front","94.5","0.765497357039885","0.891666666666667","0.929765886287625","2254","ohc","four","109","mpfi","3.19","3.4","8.5","90.0","5500.0","24","29","11595.0"
"190","3","256","volkswagen","gas","std","two","hatchback","fwd","front","94.5","0.79625180201826","0.888888888888889","0.859531772575251","2221","ohc","four","109","mpfi","3.19","3.4","8.5","90.0","5500.0","24","29","9980.0"
"191","0","122","volkswagen","gas","std","four","sedan","fwd","front","100.4","0.865929841422393","0.929166666666667","0.921404682274248","2661","ohc","five","136","mpfi","3.19","3.4","8.5","110.0","5500.0","19","24","13295.0"
"192","0","122","volkswagen","diesel","turbo","four","sedan","fwd","front","100.4","0.865929841422393","0.929166666666667","0.921404682274248","2579","ohc","four","97","idi","3.01","3.4","23.0","68.0","4500.0","33","38","13845.0"
"193","0","122","volkswagen","gas","std","four","wagon","fwd","front","100.4","0.87986544930322","0.929166666666667","0.921404682274248","2563","ohc","four","109","mpfi","3.19","3.4","9.0","88.0","5500.0","25","31","12290.0"
"194","-2","103","volvo","gas","std","four","sedan","rwd","front","104.3","0.907256126862086","0.933333333333333","0.939799331103679","2912","ohc","four","141","mpfi","3.78","3.15","9.5","114.0","5400.0","23","28","12940.0"
"195","-1","74","volvo","gas","std","four","wagon","rwd","front","104.3","0.907256126862086","0.933333333333333","0.961538461538462","3034","ohc","four","141","mpfi","3.78","3.15","9.5","114.0","5400.0","23","28","13415.0"
"196","-2","103","volvo","gas","std","four","sedan","rwd","front","104.3","0.907256126862086","0.933333333333333","0.939799331103679","2935","ohc","four","141","mpfi","3.78","3.15","9.5","114.0","5400.0","24","28","15985.0"
"197","-1","74","volvo","gas","std","four","wagon","rwd","front","104.3","0.907256126862086","0.933333333333333","0.961538461538462","3042","ohc","four","141","mpfi","3.78","3.15","9.5","114.0","5400.0","24","28","16515.0"
"198","-2","103","volvo","gas","turbo","four","sedan","rwd","front","104.3","0.907256126862086","0.933333333333333","0.939799331103679","3045","ohc","four","130","mpfi","3.62","3.15","7.5","162.0","5100.0","17","22","18420.0"
"199","-1","74","volvo","gas","turbo","four","wagon","rwd","front","104.3","0.907256126862086","0.933333333333333","0.961538461538462","3157","ohc","four","130","mpfi","3.62","3.15","7.5","162.0","5100.0","17","22","18950.0"
"200","-1","95","volvo","gas","std","four","sedan","rwd","front","109.1","0.907256126862086","0.956944444444444","0.92809364548495","2952","ohc","four","141","mpfi","3.78","3.15","9.5","114.0","5400.0","23","28","16845.0"
"201","-1","95","volvo","gas","turbo","four","sedan","rwd","front","109.1","0.907256126862086","0.955555555555555","0.92809364548495","3049","ohc","four","141","mpfi","3.78","3.15","8.7","160.0","5300.0","19","25","19045.0"
"202","-1","95","volvo","gas","std","four","sedan","rwd","front","109.1","0.907256126862086","0.956944444444444","0.92809364548495","3012","ohcv","six","173","mpfi","3.58","2.87","8.8","134.0","5500.0","18","23","21485.0"
"203","-1","95","volvo","diesel","turbo","four","sedan","rwd","front","109.1","0.907256126862086","0.956944444444444","0.92809364548495","3217","ohc","six","145","idi","3.01","3.4","23.0","106.0","4800.0","26","27","22470.0"
"204","-1","95","volvo","gas","turbo","four","sedan","rwd","front","109.1","0.907256126862086","0.956944444444444","0.92809364548495","3062","ohc","four","141","mpfi","3.78","3.15","9.5","114.0","5400.0","19","25","22625.0"
